82210008;ceinture similicuir nouée
82213005;Blazer ouvert à double boutonnage
82219016;Pantalon à ceinture
82216005;Chemise à manches bouffantes
82213008;Gilet en similicuir sans manche
82219008;Legging en similicuir à découpe
82215005;Blouse à manches bouffantes
82211905;Pull basique à col roulé
82219009;Jeans flare à poches plaquées
82213906;Gardigan et top en maille
82217002;Combi-pantalon bi-matiére
82213013;Ensemble en maille brodé
82219012;Legging taille haute
82219010;Legging en similicuir 
82219013;Legging taille haute basique 
82219007;Pantalon carotte à ceinture
82214002;Robe longue à lacet
82215002;Blouse à volant
82216024;Chemisier boutonnée sur le devant
82211013;Pull col rond
82217008;Salopette en similicuir
82210201;Sac cabas
82213019;Trench en similicuir à ceinture
82211022;Pull en maille texturé
82211014;Pull en maille texturé
82214007;Robe longue en maille texturé
82215003;Chemisier boutonnée 
82213014;Blazer en carreaux 
82219015;Pantalon flare taille haute
82211016;Sweat similicuir avec zip
82216007;Surchemise à ceinture 
82216002;Chemise à carreaux
82211017;Pull basic côtelé
82211011;Pull en maille côtelée
82211046;Pull basic côtelé à col roulé
82210202;Sac avec lacet
82219011;Jeans flare
82219017;Jeans taille normale flare
82219014;Jeans slouchy à taille plissé
82216008;Surchemise en flanel
82211018;Sweat imprimé
82211020;Sweat imprimé smile
82214003;Robe longue imprimée
82214001;Robe courte imprimée
82216006;Chemise oversize carreau
82211048;Sweat à cappuche
82216025;Tunique avec pate boutonnés
82216003;Chemise imprimé florale
82215027;Liquette imprimé à col classique
82216009;Chemise imprimé géometrique
82216001;Surchemise carreaux
82211914;Pull à rayé
82214025;Robe chemisier imprimé florale
82213205;Blazer ouvert à double boutonnage
82219054;Pantalon coupe mom fit